Season,Player,Team,Pos,name,GSIS_ID
2011,A.J. Feeley,STL,QB,A.Feeley,00-0020305
2011,Aaron Rodgers,GB,QB,A.Rodgers,00-0023459
2011,Alex Smith,SF,QB,A.Smith,00-0023436
2011,Andy Dalton,CIN,QB,A.Dalton,00-0027973
2011,Ben Roethlisberger,PIT,QB,B.Roethlisberger,00-0022924
2011,Blaine Gabbert,JAC,QB,B.Gabbert,00-0027948
2011,Brian Hoyer,NE,QB,B.Hoyer,00-0026625
2011,Bruce Gradkowski,CIN,QB,B.Gradkowski,00-0024408
2011,Caleb Hanie,CHI,QB,C.Hanie,00-0025970
2011,Cam Newton,CAR,QB,C.Newton,00-0027939
2011,Carson Palmer,OAK,QB,C.Palmer,00-0021429
2011,Chad Henne,MIA,QB,C.Henne,00-0026197
2011,Charlie Batch,PIT,QB,C.Batch,00-0000865
2011,Charlie Whitehurst,SEA,QB,C.Whitehurst,00-0024296
2011,Chase Daniel,NO,QB,C.Daniel,00-0026544
2011,Chris Redman,ATL,QB,C.Redman,00-0019709
2011,Christian Ponder,MIN,QB,C.Ponder,00-0027950
2011,Colin Kaepernick,SF,QB,C.Kaepernick,00-0027974
2011,Colt McCoy,CLE,QB,C.McCoy,00-0027688
2011,Curtis Painter,IND,QB,C.Painter,00-0027134
2011,Dan Orlovsky,IND,QB,D.Orlovsky,00-0023578
2011,Donovan McNabb,MIN,QB,D.McNabb,00-0011022
2011,Drew Brees,NO,QB,D.Brees,00-0020531
2011,Eli Manning,NYG,QB,E.Manning,00-0022803
2011,J.P. Losman,MIA,QB,J.Losman,00-0022912
2011,Jake Delhomme,HOU,QB,J.Delhomme,00-0004161
2011,Jake Locker,TEN,QB,J.Locker,00-0027946
2011,Jason Campbell,OAK,QB,J.Campbell,00-0023460
2011,Jay Cutler,CHI,QB,J.Cutler,00-0024226
2011,Joe Flacco,BAL,QB,J.Flacco,00-0026158
2011,Joe Webb,MIN,QB,J.Webb,00-0027796
2011,John Beck,WAS,QB,J.Beck,00-0025427
2011,John Skelton,ARI,QB,J.Skelton,00-0027754
2011,Jon Kitna,DAL,QB,J.Kitna,00-0009311
2011,Josh Freeman,TB,QB,J.Freeman,00-0026993
2011,Josh Johnson,TB,QB,J.Johnson,00-0026300
2011,Josh McCown,CHI,QB,J.McCown,00-0021206
2011,Kellen Clemens,STL,QB,K.Clemens,00-0024264
2011,Kerry Collins,IND,QB,K.Collins,00-0003292
2011,Kevin Kolb,ARI,QB,K.Kolb,00-0025423
2011,Kyle Boller,OAK,QB,K.Boller,00-0022164
2011,Kyle Orton,KC,QB,K.Orton,00-0023541
2011,Luke McCown,JAC,QB,L.McCown,00-0022864
2011,Mark Brunell,NYJ,QB,M.Brunell,00-0002110
2011,Mark Sanchez,NYJ,QB,M.Sanchez,00-0026898
2011,Matt Cassel,KC,QB,M.Cassel,00-0023662
2011,Matt Flynn,GB,QB,M.Flynn,00-0026349
2011,Matt Hasselbeck,TEN,QB,M.Hasselbeck,00-0007091
2011,Matt Leinart,HOU,QB,M.Leinart,00-0024225
2011,Matt Moore,MIA,QB,M.Moore,00-0025708
2011,Matt Ryan,ATL,QB,M.Ryan,00-0026143
2011,Matt Schaub,HOU,QB,M.Schaub,00-0022787
2011,Matthew Stafford,DET,QB,M.Stafford,00-0026498
2011,Mike Kafka,PHI,QB,M.Kafka,00-0027722
2011,Mike Vick,PHI,QB,M.Vick,00-0020245
2011,Philip Rivers,SD,QB,P.Rivers,00-0022942
2011,Rex Grossman,WAS,QB,R.Grossman,00-0022121
2011,Richard Bartel,ARI,QB,R.Bartel,00-0025749
2011,Ryan Fitzpatrick,BUF,QB,R.Fitzpatrick,00-0023682
2011,Sam Bradford,STL,QB,S.Bradford,00-0027854
2011,Seneca Wallace,CLE,QB,S.Wallace,00-0022055
2011,Shaun Hill,DET,QB,S.Hill,00-0020679
2011,Stephen McGee,DAL,QB,S.McGee,00-0027071
2011,T.J. Yates,HOU,QB,T.Yates,00-0028090
2011,Tarvaris Jackson,SEA,QB,T.Jackson,00-0024279
2011,Tim Tebow,DEN,QB,T.Tebow,00-0027876
2011,Tom Brady,NE,QB,T.Brady,00-0019596
2011,Tom Brandstater,STL,QB,T.Brandstater,00-0027121
2011,Tony Romo,DAL,QB,T.Romo,00-0021678
2011,Tyler Palko,KC,QB,T.Palko,00-0024812
2011,Tyler Thigpen,BUF,QB,T.Thigpen,00-0025604
2011,Tyrod Taylor,BAL,QB,T.Taylor,00-0028118
2011,Vince Young,PHI,QB,V.Young,00-0024218
2011,Aaron Brown,DET,RB,A.Brown,00-0027129
2011,Adrian Peterson,MIN,RB,A.Peterson,00-0025394
2011,Ahmad Bradshaw,NYG,RB,A.Bradshaw,00-0025637
2011,Ahmard Hall,TEN,FB,A.Hall,00-0024489
2011,Alex Green,GB,RB,A.Green,00-0028034
2011,Alfonso Smith,ARI,RB,A.Smith,00-0027346
2011,Anthony Allen,BAL,RB,A.Allen,00-0028163
2011,Anthony Dixon,SF,RB,A.Dixon,00-0027772
2011,Anthony Sherman,ARI,FB,A.Sherman,00-0028074
2011,Arian Foster,HOU,RB,A.Foster,00-0026796
2011,Armando Allen,CHI,RB,A.Allen,00-0028565
2011,Armond Smith,CLE,RB,A.Smith,00-0028706
2011,Beanie Wells,ARI,RB,B.Wells,00-0027007
2011,Ben Tate,HOU,RB,B.Tate,00-0027890
2011,BenJarvus Green-Ellis,NE,RB,B.Green-Ellis,00-0025860
2011,Bernard Scott,CIN,RB,B.Scott,00-0026941
2011,Bilal Powell,NYJ,RB,B.Powell,00-0028064
2011,Brandon Jacobs,NYG,RB,B.Jacobs,00-0023545
2011,Brandon Saine,GB,RB,B.Saine,00-0028602
2011,Brian Leonard,CIN,RB,B.Leonard,00-0025439
2011,Brit Miller,STL,FB,B.Miller,00-0026712
2011,Brock Bolen,JAC,RB,B.Bolen,00-0026607
2011,Bruce Miller,SF,FB,B.Miller,00-0028149
2011,C.J. Spiller,BUF,RB,C.Spiller,00-0027861
2011,Cadillac Williams,STL,RB,C.Williams,00-0023440
2011,Cedric Benson,CIN,RB,C.Benson,00-0023439
2011,Cedric Peerman,CIN,RB,C.Peerman,00-0026932
2011,Chauncey Washington,DAL,RB,C.Washington,00-0026353
2011,Chester Taylor,ARI,RB,C.Taylor,00-0021314
2011,Chris Ivory,NO,RB,C.Ivory,00-0027531
2011,Chris Johnson,TEN,RB,C.Johnson,00-0026164
2011,Chris Ogbonnaya,CLE,RB,C.Ogbonnaya,00-0027140
2011,Curtis Brinkley,SD,RB,C.Brinkley,00-0026745
2011,D.J. Ware,NYG,RB,D.Ware,00-0024559
2011,Da'Rel Scott,NYG,RB,D.Scott,00-0028159
2011,Daniel Thomas,MIA,RB,D.Thomas,00-0028000
2011,Danny Woodhead,NE,RB,D.Woodhead,00-0026019
2011,Darrel Young,WAS,FB,D.Young,00-0026852
2011,Darren McFadden,OAK,RB,D.McFadden,00-0026144
2011,Darren Sproles,NO,RB,D.Sproles,00-0023564
2011,DeAngelo Williams,CAR,RB,D.Williams,00-0024242
2011,Deji Karim,JAC,RB,D.Karim,00-0027779
2011,Delone Carter,IND,RB,D.Carter,00-0028057
2011,DeMarco Murray,DAL,RB,D.Murray,00-0028009
2011,Derrick Ward,HOU,RB,D.Ward,00-0022770
2011,Dexter McCluster,KC,RB,D.McCluster,00-0027651
2011,Dion Lewis,PHI,RB,D.Lewis,00-0028087
2011,Donald Brown,IND,RB,D.Brown,00-0027003
2011,DuJuan Harris,JAC,RB,D.Harris,00-0028409
2011,Earnest Graham,TB,RB,E.Graham,00-0021755
2011,Evan Royster,WAS,RB,E.Royster,00-0028115
2011,Felix Jones,DAL,RB,F.Jones,00-0026162
2011,Frank Gore,SF,RB,F.Gore,00-0023500
2011,Fred Jackson,BUF,RB,F.Jackson,00-0024204
2011,Greg Jones,JAC,FB,G.Jones,00-0022897
2011,Isaac Redman,PIT,RB,I.Redman,00-0026566
2011,Jackie Battle,KC,RB,J.Battle,00-0025701
2011,Jacob Hester,SD,FB,J.Hester,00-0026209
2011,Jacquizz Rodgers,ATL,RB,J.Rodgers,00-0028083
2011,Jahvid Best,DET,RB,J.Best,00-0027880
2011,Jamaal Charles,KC,RB,J.Charles,00-0026213
2011,James Starks,GB,RB,J.Starks,00-0027791
2011,Jamie Harper,TEN,RB,J.Harper,00-0028068
2011,Jason Snelling,ATL,RB,J.Snelling,00-0025631
2011,Javon Ringer,TEN,RB,J.Ringer,00-0027120
2011,Jed Collins,NO,FB,J.Collins,00-0026072
2011,Jeremiah Johnson,DEN,RB,J.Johnson,00-0026799
2011,Jerious Norwood,STL,RB,J.Norwood,00-0024294
2011,Jerome Harrison,DET,RB,J.Harrison,00-0024359
2011,Joe McKnight,NYJ,RB,J.McKnight,00-0027712
2011,John Clay,PIT,RB,J.Clay,00-0028208
2011,John Conner,NYJ,FB,J.Conner,00-0027739
2011,John Kuhn,GB,FB,J.Kuhn,00-0022999
2011,Johnny White,BUF,RB,J.White,00-0028071
2011,Jonathan Dwyer,PIT,RB,J.Dwyer,00-0027786
2011,Jonathan Stewart,CAR,RB,J.Stewart,00-0026153
2011,Joseph Addai,IND,RB,J.Addai,00-0024245
2011,Josh Vaughan,CAR,RB,J.Vaughan,00-0026644
2011,Justin Forsett,SEA,RB,J.Forsett,00-0026373
2011,Kahlil Bell,CHI,RB,K.Bell,00-0026579
2011,Keiland Williams,DET,RB,K.Williams,00-0027214
2011,Kendall Hunter,SF,RB,K.Hunter,00-0028053
2011,Kevin Faulk,NE,RB,K.Faulk,00-0005091
2011,Kevin Smith,DET,RB,K.Smith,00-0026204
2011,Knowshon Moreno,DEN,RB,K.Moreno,00-0026988
2011,Kregg Lumpkin,TB,RB,K.Lumpkin,00-0026029
2011,LaDainian Tomlinson,NYJ,RB,L.Tomlinson,00-0020536
2011,Lance Ball,DEN,RB,L.Ball,00-0026432
2011,LaRod Stephens-Howling,ARI,RB,L.Stephens-Howling,00-0026956
2011,Larry Johnson,MIA,RB,L.Johnson,00-0021976
2011,Lawrence Vickers,HOU,FB,L.Vickers,00-0024394
2011,Le'Ron McClain,KC,FB,L.McClain,00-0025524
2011,LeGarrette Blount,TB,RB,L.Blount,00-0027325
2011,Leon Washington,SEA,RB,L.Washington,00-0024332
2011,LeSean McCoy,PHI,RB,L.McCoy,00-0027029
2011,Lex Hilliard,MIA,FB,L.Hilliard,00-0026344
2011,Lorenzo Booker,MIN,RB,L.Booker,00-0025458
2011,Manase Tonga,OAK,FB,M.Tonga,00-0027412
2011,Marcel Reece,OAK,FB,M.Reece,00-0026393
2011,Marion Barber,CHI,RB,M.Barber,00-0023544
2011,Mark Ingram,NO,RB,M.Ingram,00-0027966
2011,Marshawn Lynch,SEA,RB,M.Lynch,00-0025399
2011,Matt Forte,CHI,RB,M.Forte,00-0026184
2011,Maurice Jones-Drew,JAC,RB,M.Jones-Drew,00-0024275
2011,Maurice Morris,DET,RB,M.Morris,00-0021182
2011,Mewelde Moore,PIT,RB,M.Moore,00-0022217
2011,Michael Bush,OAK,RB,M.Bush,00-0025487
2011,Michael Robinson,SEA,FB,M.Robinson,00-0024315
2011,Michael Turner,ATL,RB,M.Turner,00-0022821
2011,Mike Tolbert,SD,RB,M.Tolbert,00-0026069
2011,Montario Hardesty,CLE,RB,M.Hardesty,00-0027666
2011,Montell Owens,JAC,RB,M.Owens,00-0024103
2011,Mossis Madu,TB,RB,M.Madu,00-0028574
2011,Ovie Mughelli,ATL,FB,O.Mughelli,00-0022143
2011,Owen Marecic,CLE,FB,O.Marecic,00-0028062
2011,Owen Schmitt,PHI,FB,O.Schmitt,00-0026303
2011,Peyton Hillis,CLE,RB,P.Hillis,00-0026367
2011,Phillip Tanner,DAL,RB,P.Tanner,00-0028613
2011,Pierre Thomas,NO,RB,P.Thomas,00-0024813
2011,Rashard Mendenhall,PIT,RB,R.Mendenhall,00-0026163
2011,Ray Rice,BAL,RB,R.Rice,00-0026195
2011,Reggie Bush,MIA,RB,R.Bush,00-0024217
2011,Ricky Williams,BAL,RB,R.Williams,00-0017915
2011,Rock Cartwright,OAK,RB,R.Cartwright,00-0021357
2011,Ronnie Brown,PHI,RB,R.Brown,00-0023437
2011,Roy Helu,WAS,RB,R.Helu,00-0028043
2011,Ryan Grant,GB,RB,R.Grant,00-0022984
2011,Ryan Mathews,SD,RB,R.Mathews,00-0027864
2011,Ryan Torain,WAS,RB,R.Torain,00-0026279
2011,Sammy Morris,DAL,RB,S.Morris,00-0019484
2011,Shane Vereen,NE,RB,S.Vereen,00-0027994
2011,Shonn Greene,NYJ,RB,S.Greene,00-0026899
2011,Spencer Larsen,DEN,FB,S.Larsen,00-0026323
2011,Stevan Ridley,NE,RB,S.Ridley,00-0028011
2011,Steve Slaton,MIA,RB,S.Slaton,00-0026229
2011,Steven Jackson,STL,RB,S.Jackson,00-0022736
2011,Taiwan Jones,OAK,RB,T.Jones,00-0028063
2011,Tashard Choice,BUF,RB,T.Choice,00-0026262
2011,Thomas Clayton,CLE,RB,T.Clayton,00-0025573
2011,Thomas Jones,KC,RB,T.Jones,00-0019641
2011,Tim Hightower,WAS,RB,T.Hightower,00-0026289
2011,Toby Gerhart,MIN,RB,T.Gerhart,00-0027888
2011,Tony Fiammetta,DAL,FB,T.Fiammetta,00-0027093
2011,Vonta Leach,BAL,FB,V.Leach,00-0022397
2011,Willis McGahee,DEN,RB,W.McGahee,00-0022178
2011,A.J. Green,CIN,WR,A.Green,00-0027942
2011,Adrian Arrington,NO,WR,A.Arrington,00-0026377
2011,Andre Caldwell,CIN,WR,A.Caldwell,00-0026237
2011,Andre Johnson,HOU,WR,A.Johnson,00-0022044
2011,Andre Roberts,ARI,WR,A.Roberts,00-0027691
2011,Andrew Hawkins,CIN,WR,A.Hawkins,00-0027918
2011,Anquan Boldin,BAL,WR,A.Boldin,00-0022084
2011,Anthony Armstrong,WAS,WR,A.Armstrong,00-0026465
2011,Anthony Gonzalez,IND,WR,A.Gonzalez,00-0025419
2011,Antonio Brown,PIT,WR,A.Brown,00-0027793
2011,Arnaz Battle,PIT,WR,A.Battle,00-0022064
2011,Arrelious Benn,TB,WR,A.Benn,00-0027654
2011,Austin Collie,IND,WR,A.Collie,00-0027092
2011,Austin Pettis,STL,WR,A.Pettis,00-0028016
2011,Ben Obomanu,SEA,WR,B.Obomanu,00-0024463
2011,Bernard Berrian,MIN,WR,B.Berrian,00-0022807
2011,Brad Smith,BUF,WR,B.Smith,00-0024318
2011,Brandon Banks,WAS,WR,B.Banks,00-0027618
2011,Brandon Gibson,STL,WR,B.Gibson,00-0026937
2011,Brandon LaFell,CAR,WR,B.LaFell,00-0027681
2011,Brandon Lloyd,STL,WR,B.Lloyd,00-0022097
2011,Brandon Marshall,MIA,WR,B.Marshall,00-0024334
2011,Brandon Stokley,NYG,WR,B.Stokley,00-0015754
2011,Braylon Edwards,SF,WR,B.Edwards,00-0023438
2011,Brett Swain,SF,WR,B.Swain,00-0026357
2011,Brian Hartline,MIA,WR,B.Hartline,00-0027077
2011,Bryan Walters,SD,WR,B.Walters,00-0027595
2011,Bryant Johnson,HOU,WR,B.Johnson,00-0022156
2011,Calvin Johnson,DET,WR,C.Johnson,00-0025389
2011,Carlton Mitchell,CLE,WR,C.Mitchell,00-0027776
2011,Cecil Shorts,JAC,WR,C.Shorts,00-0028052
2011,Chad Hall,PHI,WR,C.Hall,00-0027188
2011,Chad Johnson,NE,WR,C.Johnson,00-0020397
2011,Chansi Stuckey,ARI,WR,C.Stuckey,00-0025622
2011,Chastin West,JAC,WR,C.West,00-0027441
2011,Chaz Schilens,OAK,WR,C.Schilens,00-0026366
2011,Clyde Gates,MIA,WR,C.Gates,00-0028049
2011,Damian Williams,TEN,WR,D.Williams,00-0027893
2011,Danario Alexander,STL,WR,D.Alexander,00-0027912
2011,Dane Sanzenbacher,CHI,WR,D.Sanzenbacher,00-0028352
2011,Danny Amendola,STL,WR,D.Amendola,00-0026035
2011,Darrius Heyward-Bey,OAK,WR,D.Heyward-Bey,00-0026983
2011,David Anderson,WAS,WR,D.Anderson,00-0024465
2011,David Nelson,BUF,WR,D.Nelson,00-0027322
2011,David Reed,BAL,WR,D.Reed,00-0027755
2011,Davone Bess,MIA,WR,D.Bess,00-0026000
2011,Deion Branch,NE,WR,D.Branch,00-0021192
2011,DeMarco Sampson,ARI,WR,D.Sampson,00-0028187
2011,Demaryius Thomas,DEN,WR,D.Thomas,00-0027874
2011,Denarius Moore,OAK,WR,D.Moore,00-0028086
2011,Deon Butler,SEA,WR,D.Butler,00-0027063
2011,Derek Hagan,BUF,WR,D.Hagan,00-0024297
2011,Derrick Mason,HOU,WR,D.Mason,00-0010500
2011,DeSean Jackson,PHI,WR,D.Jackson,00-0026189
2011,Devery Henderson,NO,WR,D.Henderson,00-0022929
2011,Devin Aromashodu,MIN,WR,D.Aromashodu,00-0024447
2011,Devin Hester,CHI,WR,D.Hester,00-0024272
2011,Devin Thomas,NYG,WR,D.Thomas,00-0026174
2011,Dez Bryant,DAL,WR,D.Bryant,00-0027902
2011,Dezmon Briscoe,TB,WR,D.Briscoe,00-0027789
2011,Domenik Hixon,NYG,WR,D.Hixon,00-0024345
2011,Donald Driver,GB,WR,D.Driver,00-0004541
2011,Donald Jones,BUF,WR,D.Jones,00-0027518
2011,Donnie Avery,TEN,WR,D.Avery,00-0026173
2011,Donte' Stallworth,WAS,WR,D.Stallworth,00-0021147
2011,Doug Baldwin,SEA,WR,D.Baldwin,00-0028434
2011,Dwayne Bowe,KC,WR,D.Bowe,00-0025410
2011,Earl Bennett,CHI,WR,E.Bennett,00-0026210
2011,Early Doucet,ARI,WR,E.Doucet,00-0026221
2011,Eddie Royal,DEN,WR,E.Royal,00-0026182
2011,Emmanuel Arceneaux,MIN,WR,E.Arceneaux,00-0027920
2011,Emmanuel Sanders,PIT,WR,E.Sanders,00-0027685
2011,Eric Decker,DEN,WR,E.Decker,00-0027690
2011,Eric Weems,ATL,WR,E.Weems,00-0024535
2011,Golden Tate,SEA,WR,G.Tate,00-0027891
2011,Greg Camarillo,MIN,WR,G.Camarillo,00-0023408
2011,Greg Jennings,GB,WR,G.Jennings,00-0024267
2011,Greg Little,CLE,WR,G.Little,00-0027997
2011,Greg Salas,STL,WR,G.Salas,00-0028050
2011,Hakeem Nicks,NYG,WR,H.Nicks,00-0027005
2011,Harry Douglas,ATL,WR,H.Douglas,00-0026224
2011,Hines Ward,PIT,WR,H.Ward,00-0017162
2011,Jabar Gaffney,WAS,WR,J.Gaffney,00-0021163
2011,Jacoby Ford,OAK,WR,J.Ford,00-0027709
2011,Jacoby Jones,HOU,WR,J.Jones,00-0025460
2011,James Jones,GB,WR,J.Jones,00-0025465
2011,Jarett Dillard,JAC,WR,J.Dillard,00-0027105
2011,Jason Avant,PHI,WR,J.Avant,00-0024324
2011,Jason Hill,JAC,WR,J.Hill,00-0025463
2011,Jeff Maehl,HOU,WR,J.Maehl,00-0028543
2011,Jeremy Horne,KC,WR,J.Horne,00-0027308
2011,Jeremy Kerley,NYJ,WR,J.Kerley,00-0028091
2011,Jeremy Maclin,PHI,WR,J.Maclin,00-0026995
2011,Jerheme Urban,KC,WR,J.Urban,00-0021647
2011,Jerome Simpson,CIN,WR,J.Simpson,00-0026186
2011,Jerrel Jernigan,NYG,WR,J.Jernigan,00-0028021
2011,Jerricho Cotchery,PIT,WR,J.Cotchery,00-0022811
2011,Jesse Holley,DAL,WR,J.Holley,00-0024609
2011,Joe Hastings,SF,WR,J.Hastings,00-0028242
2011,Johnny Knox,CHI,WR,J.Knox,00-0026913
2011,Jon Baldwin,KC,WR,J.Baldwin,00-0027964
2011,Jordan Norwood,CLE,WR,J.Norwood,00-0026739
2011,Jordan Shipley,CIN,WR,J.Shipley,00-0027687
2011,Jordy Nelson,GB,WR,J.Nelson,00-0026176
2011,Josh Cribbs,CLE,WR,J.Cribbs,00-0023176
2011,Josh Morgan,SF,WR,J.Morgan,00-0026314
2011,Julian Edelman,NE,WR,J.Edelman,00-0027150
2011,Julio Jones,ATL,WR,J.Jones,00-0027944
2011,Kassim Osgood,JAC,WR,K.Osgood,00-0021570
2011,Keary Colbert,KC,WR,K.Colbert,00-0022726
2011,Kenny Britt,TEN,WR,K.Britt,00-0027006
2011,Kerry Meier,ATL,WR,K.Meier,00-0027764
2011,Kevin Ogletree,DAL,WR,K.Ogletree,00-0026780
2011,Kevin Walter,HOU,WR,K.Walter,00-0021931
2011,Kris Durham,SEA,WR,K.Durham,00-0028045
2011,Kyle Williams,SF,WR,K.Williams,00-0027608
2011,Lance Moore,NO,WR,L.Moore,00-0023310
2011,LaQuan Williams,BAL,WR,L.Williams,00-0028288
2011,Larry Fitzgerald,ARI,WR,L.Fitzgerald,00-0022921
2011,Laurent Robinson,DAL,WR,L.Robinson,00-0025462
2011,Lavelle Hawkins,TEN,WR,L.Hawkins,00-0026266
2011,Lee Evans,BAL,WR,L.Evans,00-0022910
2011,Legedu Naanee,CAR,WR,L.Naanee,00-0025559
2011,Leonard Hankerson,WAS,WR,L.Hankerson,00-0028017
2011,Louis Murphy,OAK,WR,L.Murphy,00-0027089
2011,Malcom Floyd,SD,WR,M.Floyd,00-0022414
2011,Marc Mariani,TEN,WR,M.Mariani,00-0027816
2011,Mario Manningham,NYG,WR,M.Manningham,00-0026235
2011,Mark Clayton,STL,WR,M.Clayton,00-0023457
2011,Marques Colston,NO,WR,M.Colston,00-0024466
2011,Matt Willis,DEN,WR,M.Willis,00-0024756
2011,Maurice Stovall,DET,WR,M.Stovall,00-0024305
2011,Michael Clayton,NYG,WR,M.Clayton,00-0022725
2011,Michael Crabtree,SF,WR,M.Crabtree,00-0026986
2011,Michael Jenkins,MIN,WR,M.Jenkins,00-0022781
2011,Micheal Spurlock,TB,WR,M.Spurlock,00-0023968
2011,Mike Sims-Walker,JAC,WR,M.Sims-Walker,00-0025466
2011,Mike Thomas,JAC,WR,M.Thomas,00-0027076
2011,Mike Wallace,PIT,WR,M.Wallace,00-0026901
2011,Mike Williams,SEA,WR,M.Williams,00-0023452
2011,Mike Williams,TB,WR,M.Williams,00-0027702
2011,Miles Austin,DAL,WR,M.Austin,00-0023921
2011,Mohamed Massaquoi,CLE,WR,M.Massaquoi,00-0027026
2011,Naaman Roosevelt,BUF,WR,N.Roosevelt,00-0027220
2011,Nate Burleson,DET,WR,N.Burleson,00-0021999
2011,Nate Washington,TEN,WR,N.Washington,00-0023367
2011,Nick Miller,STL,WR,N.Miller,00-0026536
2011,Niles Paul,WAS,WR,N.Paul,00-0028093
2011,Patrick Crayton,SD,WR,P.Crayton,00-0022766
2011,Patrick Turner,NYJ,WR,P.Turner,00-0027059
2011,Percy Harvin,MIN,WR,P.Harvin,00-0026998
2011,Pierre Garcon,IND,WR,P.Garcon,00-0026345
2011,Plaxico Burress,NYJ,WR,P.Burress,00-0019642
2011,Preston Parker,TB,WR,P.Parker,00-0027450
2011,Ramses Barden,NYG,WR,R.Barden,00-0026902
2011,Randall Cobb,GB,WR,R.Cobb,00-0028002
2011,Rashied Davis,DET,WR,R.Davis,00-0023429
2011,Reggie Wayne,IND,WR,R.Wayne,00-0020498
2011,Ricardo Lockette,SEA,WR,R.Lockette,00-0028442
2011,Richard Goodman,SD,WR,R.Goodman,00-0027585
2011,Riley Cooper,PHI,WR,R.Cooper,00-0027758
2011,Robert Meachem,NO,WR,R.Meachem,00-0025414
2011,Roberto Wallace,MIA,WR,R.Wallace,00-0027358
2011,Roddy White,ATL,WR,R.White,00-0023462
2011,Roscoe Parrish,BUF,WR,R.Parrish,00-0023490
2011,Roy Williams,CHI,WR,R.Williams,00-0022909
2011,Ruvell Martin,BUF,WR,R.Martin,00-0022421
2011,Ryan Whalen,CIN,WR,R.Whalen,00-0028105
2011,Sam Hurd,CHI,WR,S.Hurd,00-0023953
2011,Sammie Stroughter,TB,WR,S.Stroughter,00-0026953
2011,Santana Moss,WAS,WR,S.Moss,00-0020494
2011,Santonio Holmes,NYJ,WR,S.Holmes,00-0024240
2011,Seyi Ajirotutu,CAR,WR,S.Ajirotutu,00-0027581
2011,Sidney Rice,SEA,WR,S.Rice,00-0025431
2011,Stefan Logan,DET,WR,S.Logan,00-0026491
2011,Stephen Burton,MIN,WR,S.Burton,00-0028174
2011,Steve Breaston,KC,WR,S.Breaston,00-0025529
2011,Steve Johnson,BUF,WR,S.Johnson,00-0026364
2011,Steve Smith,CAR,WR,S.Smith,00-0020337
2011,Steve Smith,PHI,WR,S.Smith,00-0025438
2011,T.J. Houshmandzadeh,OAK,WR,T.Houshmandzadeh,00-0020438
2011,Tandon Doss,BAL,WR,T.Doss,00-0028061
2011,Taylor Price,JAC,WR,T.Price,00-0027693
2011,Ted Ginn,SF,WR,T.Ginn,00-0025396
2011,Terrance Copper,KC,WR,T.Copper,00-0022388
2011,Terrence Austin,WAS,WR,T.Austin,00-0027813
2011,Tiquan Underwood,NE,WR,T.Underwood,00-0027156
2011,Titus Young,DET,WR,T.Young,00-0027982
2011,Torrey Smith,BAL,WR,T.Smith,00-0027996
2011,Victor Cruz,NYG,WR,V.Cruz,00-0027265
2011,Vincent Brown,SD,WR,V.Brown,00-0028020
2011,Vincent Jackson,SD,WR,V.Jackson,00-0023496
2011,Wes Welker,NE,WR,W.Welker,00-0022427
2011,Aaron Hernandez,NE,TE,A.Hernandez,00-0027713
2011,Alex Smith,CLE,TE,A.Smith,00-0023506
2011,Allen Reisner,MIN,TE,A.Reisner,00-0028267
2011,Andrew Quarless,GB,TE,A.Quarless,00-0027753
2011,Anthony Becht,KC,TE,A.Becht,00-0019457
2011,Anthony Fasano,MIA,TE,A.Fasano,00-0024268
2011,Anthony Hill,IND,TE,A.Hill,00-0026908
2011,Anthony McCoy,SEA,TE,A.McCoy,00-0027783
2011,Antonio Gates,SD,TE,A.Gates,00-0021547
2011,Bear Pascoe,NYG,TE,B.Pascoe,00-0026931
2011,Benjamin Watson,CLE,TE,B.Watson,00-0022943
2011,Billy Bajema,STL,TE,B.Bajema,00-0023679
2011,Brandon Myers,OAK,TE,B.Myers,00-0027135
2011,Brandon Pettigrew,DET,TE,B.Pettigrew,00-0026996
2011,Brent Celek,PHI,TE,B.Celek,00-0025549
2011,Brody Eldridge,IND,TE,B.Eldridge,00-0027761
2011,Cameron Morrah,SEA,TE,C.Morrah,00-0026963
2011,Chris Cooley,WAS,TE,C.Cooley,00-0022738
2011,Clay Harbor,PHI,TE,C.Harbor,00-0027725
2011,Colin Cloherty,JAC,TE,C.Cloherty,00-0026669
2011,Colin Cochart,CIN,TE,C.Cochart,00-0028550
2011,Collin Franklin,TB,TE,C.Franklin,00-0028295
2011,Craig Stevens,TEN,TE,C.Stevens,00-0026225
2011,D.J. Williams,GB,TE,D.Williams,00-0028079
2011,Dallas Clark,IND,TE,D.Clark,00-0022165
2011,Daniel Fells,DEN,TE,D.Fells,00-0023752
2011,Daniel Graham,TEN,TE,D.Graham,00-0021154
2011,Dante Rosario,DEN,TE,D.Rosario,00-0025542
2011,David Ausberry,OAK,TE,D.Ausberry,00-0028179
2011,David Johnson,PIT,TE,D.Johnson,00-0026957
2011,David Thomas,NO,TE,D.Thomas,00-0024301
2011,Delanie Walker,SF,TE,D.Walker,00-0024389
2011,Dennis Pitta,BAL,TE,D.Pitta,00-0027714
2011,Dominique Byrd,WAS,TE,D.Byrd,00-0024308
2011,Donald Lee,CIN,TE,D.Lee,00-0021929
2011,Dustin Keller,NYJ,TE,D.Keller,00-0026170
2011,Ed Dickson,BAL,TE,E.Dickson,00-0027675
2011,Evan Moore,CLE,TE,E.Moore,00-0026123
2011,Fred Davis,WAS,TE,F.Davis,00-0026188
2011,Garrett Graham,HOU,TE,G.Graham,00-0027718
2011,Greg Olsen,CAR,TE,G.Olsen,00-0025418
2011,Heath Miller,PIT,TE,H.Miller,00-0023465
2011,Jacob Tamme,IND,TE,J.Tamme,00-0026267
2011,Jake Ballard,NYG,TE,J.Ballard,00-0027259
2011,Jake O'Connell,KC,TE,J.O'Connell,00-0027154
2011,James Casey,HOU,TE,J.Casey,00-0027109
2011,Jared Cook,TEN,TE,J.Cook,00-0027061
2011,Jason Witten,DAL,TE,J.Witten,00-0022127
2011,Jeff Cumberland,NYJ,TE,J.Cumberland,00-0027321
2011,Jeff King,ARI,TE,J.King,00-0024369
2011,Jeremy Shockey,CAR,TE,J.Shockey,00-0021148
2011,Jermaine Gresham,CIN,TE,J.Gresham,00-0027873
2011,Jermichael Finley,GB,TE,J.Finley,00-0026231
2011,Jeron Mastrud,MIA,TE,J.Mastrud,00-0027445
2011,Jim Dray,ARI,TE,J.Dray,00-0027825
2011,Jimmy Graham,NO,TE,J.Graham,00-0027696
2011,Jimmy Kleinsasser,MIN,TE,J.Kleinsasser,00-0009323
2011,Joel Dreessen,HOU,TE,J.Dreessen,00-0023630
2011,John Gilmore,NO,TE,J.Gilmore,00-0021304
2011,John Phillips,DAL,TE,J.Phillips,00-0027139
2011,Jordan Cameron,CLE,TE,J.Cameron,00-0028040
2011,Josh Baker,NYJ,TE,J.Baker,00-0028291
2011,Julius Thomas,DEN,TE,J.Thomas,00-0028067
2011,Justin Peelle,SF,TE,J.Peelle,00-0021227
2011,Kellen Davis,CHI,TE,K.Davis,00-0026298
2011,Kellen Winslow,TB,TE,K.Winslow,00-0022922
2011,Kevin Boss,OAK,TE,K.Boss,00-0025540
2011,Kevin Brock,BUF,TE,K.Brock,00-0026699
2011,Kory Sperry,SD,TE,K.Sperry,00-0026757
2011,Kyle Rudolph,MIN,TE,K.Rudolph,00-0027981
2011,Lance Kendricks,STL,TE,L.Kendricks,00-0027985
2011,Lee Smith,BUF,TE,L.Smith,00-0028097
2011,Leonard Pope,KC,TE,L.Pope,00-0024287
2011,Logan Paulsen,WAS,TE,L.Paulsen,00-0027215
2011,Luke Stocker,TB,TE,L.Stocker,00-0028042
2011,Marcedes Lewis,JAC,TE,M.Lewis,00-0024243
2011,Martellus Bennett,DAL,TE,M.Bennett,00-0026201
2011,Martin Rucker,JAC,TE,M.Rucker,00-0026251
2011,Matt Spaeth,CHI,TE,M.Spaeth,00-0025464
2011,Matthew Mulligan,NYJ,TE,M.Mulligan,00-0026008
2011,Michael Hoomanawanui,STL,TE,M.Hoomanawanui,00-0027732
2011,Michael Palmer,ATL,TE,M.Palmer,00-0027202
2011,Mike Caussin,BUF,TE,M.Caussin,00-0027500
2011,Mike Higgins,NO,TE,M.Higgins,00-0028522
2011,Mike Sellers,WAS,TE,M.Sellers,00-0014655
2011,Owen Daniels,HOU,TE,O.Daniels,00-0024313
2011,Randy McMichael,SD,TE,R.McMichael,00-0021236
2011,Reggie Kelly,ATL,TE,R.Kelly,00-0009119
2011,Richard Gordon,OAK,TE,R.Gordon,00-0028119
2011,Richie Brockel,CAR,TE,R.Brockel,00-0027583
2011,Rob Gronkowski,NE,TE,R.Gronkowski,00-0027656
2011,Rob Housler,ARI,TE,R.Housler,00-0028007
2011,Ryan Taylor,GB,TE,R.Taylor,00-0028156
2011,Scott Chandler,BUF,TE,S.Chandler,00-0025516
2011,Stephen Spach,STL,TE,S.Spach,00-0023108
2011,Todd Heap,ARI,TE,T.Heap,00-0020516
2011,Tom Crabtree,GB,TE,T.Crabtree,00-0026878
2011,Tony Gonzalez,ATL,TE,T.Gonzalez,00-0006101
2011,Tony Scheffler,DET,TE,T.Scheffler,00-0024276
2011,Travis Beckum,NYG,TE,T.Beckum,00-0027070
2011,Vernon Davis,SF,TE,V.Davis,00-0024221
2011,Virgil Green,DEN,TE,V.Green,00-0028142
2011,Visanthe Shiancoe,MIN,TE,V.Shiancoe,00-0022054
2011,Weslye Saunders,PIT,TE,W.Saunders,00-0028270
2011,Will Heller,DET,TE,W.Heller,00-0021756
2011,Will Yeatman,MIA,TE,W.Yeatman,00-0028253
2011,Zach Miller,JAC,TE,Z.Miller,00-0027125
2011,Zach Miller,SEA,TE,Z.Miller,00-0025425
2011,Zach Potter,JAC,TE,Z.Potter,00-0026658
2011,Zack Pianalto,TB,TE,Z.Pianalto,00-0028509
